Series Name,Series Code,Time,Time Code,United States [USA],China [CHN],"Macao SAR, China [MAC]","Hong Kong SAR, China [HKG]"
GDP (current US$),NY.GDP.MKTP.CD,1960,YR1960,543300000000,59716467625.3148,..,1320796651.69457
GDP (current US$),NY.GDP.MKTP.CD,1961,YR1961,563300000000,50056868957.6732,..,1383681651.13776
GDP (current US$),NY.GDP.MKTP.CD,1962,YR1962,605100000000,47209359005.6056,..,1612346412.26475
GDP (current US$),NY.GDP.MKTP.CD,1963,YR1963,638600000000,50706799902.5103,..,1935298266.45384
GDP (current US$),NY.GDP.MKTP.CD,1964,YR1964,685800000000,59708343488.5043,..,2206466461.26434
GDP (current US$),NY.GDP.MKTP.CD,1965,YR1965,743700000000,70436266146.7219,..,2435078534.03141
GDP (current US$),NY.GDP.MKTP.CD,1966,YR1966,815000000000,76720285969.6157,..,2489845016.64894
GDP (current US$),NY.GDP.MKTP.CD,1967,YR1967,861700000000,72881631326.6715,..,2692474989.12571
GDP (current US$),NY.GDP.MKTP.CD,1968,YR1968,942500000000,70846535055.6503,..,2716964388.42418
GDP (current US$),NY.GDP.MKTP.CD,1969,YR1969,1019900000000,79705906247.4612,..,3189740055.13982
GDP (current US$),NY.GDP.MKTP.CD,1970,YR1970,1075884000000,92602973434.0726,..,3800766535.62088
GDP (current US$),NY.GDP.MKTP.CD,1971,YR1971,1167770000000,99800958648.1436,..,4476001946.01486
GDP (current US$),NY.GDP.MKTP.CD,1972,YR1972,1282449000000,113687586299.051,..,5710107420.14394
GDP (current US$),NY.GDP.MKTP.CD,1973,YR1973,1428549000000,138544284708.957,..,8030117555.62033
GDP (current US$),NY.GDP.MKTP.CD,1974,YR1974,1548825000000,144182133387.722,..,9388663645.7588
GDP (current US$),NY.GDP.MKTP.CD,1975,YR1975,1688923000000,163431551779.761,..,10048022369.9141
GDP (current US$),NY.GDP.MKTP.CD,1976,YR1976,1877587000000,153940455341.506,..,12876366008.8077
GDP (current US$),NY.GDP.MKTP.CD,1977,YR1977,2085951000000,174938098826.569,..,15719433719.4337
GDP (current US$),NY.GDP.MKTP.CD,1978,YR1978,2356571000000,149540752829.268,..,18315007365.9713
GDP (current US$),NY.GDP.MKTP.CD,1979,YR1979,2632143000000,178280594413.043,..,22526035940.5921
GDP (current US$),NY.GDP.MKTP.CD,1980,YR1980,2862505000000,191149211575,..,28861759209.0191
GDP (current US$),NY.GDP.MKTP.CD,1981,YR1981,3210956000000,195866382432.54,..,31055409443.043
GDP (current US$),NY.GDP.MKTP.CD,1982,YR1982,3344991000000,205089699858.779,1130457130.00739,32291306281.8168
GDP (current US$),NY.GDP.MKTP.CD,1983,YR1983,3638137000000,230686747153.257,1121486562.52512,29907091339.5364
GDP (current US$),NY.GDP.MKTP.CD,1984,YR1984,4040693000000,259946510957.143,1292281653.68246,33511383985.6741
GDP (current US$),NY.GDP.MKTP.CD,1985,YR1985,4346734000000,309488028132.653,1348827324.09861,35699543050.7778
GDP (current US$),NY.GDP.MKTP.CD,1986,YR1986,4590155000000,300758100107.246,1517496131.38322,41075570591.9291
GDP (current US$),NY.GDP.MKTP.CD,1987,YR1987,4870217000000,272972974764.574,1941246972.45874,50622571586.1149
GDP (current US$),NY.GDP.MKTP.CD,1988,YR1988,5252629000000,312353631207.819,2269233639.28065,59707404560.5944
GDP (current US$),NY.GDP.MKTP.CD,1989,YR1989,5657693000000,347768051311.741,2683254708.17411,68790369107.2962
GDP (current US$),NY.GDP.MKTP.CD,1990,YR1990,5979589000000,360857912565.966,3220920084.77746,76928290841.8701
GDP (current US$),NY.GDP.MKTP.CD,1991,YR1991,6174043000000,383373318083.624,3735117374.41125,88959620135.8864
GDP (current US$),NY.GDP.MKTP.CD,1992,YR1992,6539299000000,426915712711.146,4879018601.90911,104272278634.731
GDP (current US$),NY.GDP.MKTP.CD,1993,YR1993,6878718000000,444731282436.762,5625533410.31176,120353947980.764
GDP (current US$),NY.GDP.MKTP.CD,1994,YR1994,7308755000000,564324670005.917,6265844252.10105,135812069768.646
GDP (current US$),NY.GDP.MKTP.CD,1995,YR1995,7664060000000,734547898220.508,6996034036.99892,144652912433.103
GDP (current US$),NY.GDP.MKTP.CD,1996,YR1996,8100201000000,863746717503.789,7122539666.59972,159717233621.659
GDP (current US$),NY.GDP.MKTP.CD,1997,YR1997,8608515000000,961603952951.82,7211264780.00828,177352785419.977
GDP (current US$),NY.GDP.MKTP.CD,1998,YR1998,9089168000000,1029043097554.08,6742367273.27418,168886163221.567
GDP (current US$),NY.GDP.MKTP.CD,1999,YR1999,9660624000000,1093997267271.06,6490571703.85015,165768095391.557
GDP (current US$),NY.GDP.MKTP.CD,2000,YR2000,10284779000000,1211346869605.24,6720492405.83611,171668164082.555
GDP (current US$),NY.GDP.MKTP.CD,2001,YR2001,10621824000000,1339395718865.3,6811227982.82193,169403241524.337
GDP (current US$),NY.GDP.MKTP.CD,2002,YR2002,10977514000000,1470550015081.55,7322677820.10108,166349228737.386
GDP (current US$),NY.GDP.MKTP.CD,2003,YR2003,11510670000000,1660287965662.68,8195033162.12038,161384522525.299
GDP (current US$),NY.GDP.MKTP.CD,2004,YR2004,12274928000000,1955347004963.27,10585624890.9277,169099768875.193
GDP (current US$),NY.GDP.MKTP.CD,2005,YR2005,13093726000000,2285965892360.54,12092222041.9168,181570082162.19
GDP (current US$),NY.GDP.MKTP.CD,2006,YR2006,13855888000000,2752131773355.16,14789661809.1834,193536265094.364
GDP (current US$),NY.GDP.MKTP.CD,2007,YR2007,14477635000000,3552182311652.97,18340447242.9971,211597405593.868
GDP (current US$),NY.GDP.MKTP.CD,2008,YR2008,14718582000000,4598206091384,20917444919.6394,219279678430.164
GDP (current US$),NY.GDP.MKTP.CD,2009,YR2009,14418739000000,5109953609257.25,21475520709.3922,214046415026.187
GDP (current US$),NY.GDP.MKTP.CD,2010,YR2010,14964372000000,6100620488867.55,28123640998.7253,228637697575.04
GDP (current US$),NY.GDP.MKTP.CD,2011,YR2011,15517926000000,7572553836875.34,36709860068.3445,248513617677.287
GDP (current US$),NY.GDP.MKTP.CD,2012,YR2012,16155255000000,8560547314679.28,43031577366.4251,262629441493.476
GDP (current US$),NY.GDP.MKTP.CD,2013,YR2013,16691517000000,9607224481532.65,51552075901.5183,275696879834.966
GDP (current US$),NY.GDP.MKTP.CD,2014,YR2014,17427609000000,10482372109961.9,55347998647.8196,291459356985.337
GDP (current US$),NY.GDP.MKTP.CD,2015,YR2015,18120714000000,11064666282625.5,45361678146.5247,309383627028.561
GDP (current US$),NY.GDP.MKTP.CD,2016,YR2016,18624475000000,11190992550229.5,45310877912.7215,320881182123.855
GDP (current US$),NY.GDP.MKTP.CD,2017,YR2017,19390604000000,12237700479375,50361201096.4366,341449340450.649
GDP (current US$),NY.GDP.MKTP.CD,2018,YR2018,..,..,..,..
GDP (constant 2010 US$),NY.GDP.MKTP.KD,1960,YR1960,3170879604134.89,127938142382.708,..,..
GDP (constant 2010 US$),NY.GDP.MKTP.KD,1961,YR1961,3243809835029.98,93049410949.895,..,10710190830.3625
GDP (constant 2010 US$),NY.GDP.MKTP.KD,1962,YR1962,3441682234966.81,87857253828.0692,..,12240744811.365
GDP (constant 2010 US$),NY.GDP.MKTP.KD,1963,YR1963,3593116253305.35,96906550968.2098,..,14170366289.1856
GDP (constant 2010 US$),NY.GDP.MKTP.KD,1964,YR1964,3801516995997.07,114524161928.612,..,15392944267.209
GDP (constant 2010 US$),NY.GDP.MKTP.KD,1965,YR1965,4044814083740.87,133936007378.37,..,17646808086.1942
GDP (constant 2010 US$),NY.GDP.MKTP.KD,1966,YR1966,4307726999184.04,148200192169.756,..,17963567911.7935
GDP (constant 2010 US$),NY.GDP.MKTP.KD,1967,YR1967,4415420174163.64,139649041075.3,..,18251590539.9317
GDP (constant 2010 US$),NY.GDP.MKTP.KD,1968,YR1968,4627360342523.48,133923430402.187,..,18871663351.5636
GDP (constant 2010 US$),NY.GDP.MKTP.KD,1969,YR1969,4770808513141.71,156610059507.107,..,21012421899.0321
GDP (constant 2010 US$),NY.GDP.MKTP.KD,1970,YR1970,4779684394200,186835800986.115,..,22947031720.5629
GDP (constant 2010 US$),NY.GDP.MKTP.KD,1971,YR1971,4937197781100,200026408541.997,..,24620512593.0889
GDP (constant 2010 US$),NY.GDP.MKTP.KD,1972,YR1972,5197055474100,207647414703.955,..,27233211832.4466
GDP (constant 2010 US$),NY.GDP.MKTP.KD,1973,YR1973,5490331802900,223760854088.397,..,30577354078.8796
GDP (constant 2010 US$),NY.GDP.MKTP.KD,1974,YR1974,5461938301500,228929729818.938,..,31315845832.5021
GDP (constant 2010 US$),NY.GDP.MKTP.KD,1975,YR1975,5451141221800,248892402260.237,..,31469942276.2462
GDP (constant 2010 US$),NY.GDP.MKTP.KD,1976,YR1976,5744744596800,244984791537.905,..,36556751553.621
GDP (constant 2010 US$),NY.GDP.MKTP.KD,1977,YR1977,6009496747300,263530140255.295,..,40843256992.2683
GDP (constant 2010 US$),NY.GDP.MKTP.KD,1978,YR1978,6343726022200,294275263560.25,..,44217220858.7082
GDP (constant 2010 US$),NY.GDP.MKTP.KD,1979,YR1979,6545183142700,316640183590.83,..,49327236778.561
GDP (constant 2010 US$),NY.GDP.MKTP.KD,1980,YR1980,6529173871800,341359305729.89,..,54313303201.4401
GDP (constant 2010 US$),NY.GDP.MKTP.KD,1981,YR1981,6698571354500,359015821543.505,..,59343180295.1656
GDP (constant 2010 US$),NY.GDP.MKTP.KD,1982,YR1982,6570568952800,391091825271.573,4132299800.47505,61093655168.4363
GDP (constant 2010 US$),NY.GDP.MKTP.KD,1983,YR1983,6874947746100,433467463224.249,4546437358.57541,64745231206.5757
GDP (constant 2010 US$),NY.GDP.MKTP.KD,1984,YR1984,7374006181400,499090846998.185,4931056601.36437,71202750581.7166
GDP (constant 2010 US$),NY.GDP.MKTP.KD,1985,YR1985,7686570948200,566185607089.922,4967183494.73057,71741817029.1846
GDP (constant 2010 US$),NY.GDP.MKTP.KD,1986,YR1986,7956493688100,616800952422.284,5299639028.07369,79673717297.4608
GDP (constant 2010 US$),NY.GDP.MKTP.KD,1987,YR1987,8231927424700,688898391994.546,6057158301.9011,90348772837.3426
GDP (constant 2010 US$),NY.GDP.MKTP.KD,1988,YR1988,8577995347000,766292786310.892,6530332490.62428,98038955320.182
GDP (constant 2010 US$),NY.GDP.MKTP.KD,1989,YR1989,8893710527300,798368790038.959,6858470419.63827,100271347572.762
GDP (constant 2010 US$),NY.GDP.MKTP.KD,1990,YR1990,9064413765500,829561967976.346,7405660682.57514,104112263787.381
GDP (constant 2010 US$),NY.GDP.MKTP.KD,1991,YR1991,9057698437100,906662087029.132,7676700497.19572,110048718129.313
GDP (constant 2010 US$),NY.GDP.MKTP.KD,1992,YR1992,9379735498400,1035554652468.52,8697681749.47421,116910184902.727
GDP (constant 2010 US$),NY.GDP.MKTP.KD,1993,YR1993,9637289595800,1179160981085.92,9148739230.30735,124159983389.758
GDP (constant 2010 US$),NY.GDP.MKTP.KD,1994,YR1994,10026408985500,1333066943927.94,9537852306.17356,131654427603.098
GDP (constant 2010 US$),NY.GDP.MKTP.KD,1995,YR1995,10299024618300,1479027474653.82,9852156278.45952,134779624937.554
GDP (constant 2010 US$),NY.GDP.MKTP.KD,1996,YR1996,10689963360600,1625870831170.38,9810918751.39761,140519365029.695
GDP (constant 2010 US$),NY.GDP.MKTP.KD,1997,YR1997,11169624848700,1775951215586.11,9783515181.06374,147685446096.197
GDP (constant 2010 US$),NY.GDP.MKTP.KD,1998,YR1998,11666663209400,1915143415250.11,9336246618.31534,138997594871.313
GDP (constant 2010 US$),NY.GDP.MKTP.KD,1999,YR1999,12213269668400,2061986771766.67,9116048797.52964,142481844510.651
GDP (constant 2010 US$),NY.GDP.MKTP.KD,2000,YR2000,12713058213400,2237080553585.02,9639976865.71363,153400895123.315
GDP (constant 2010 US$),NY.GDP.MKTP.KD,2001,YR2001,12837135352100,2423651070682.23,9918418287.75558,154261275971.074
GDP (constant 2010 US$),NY.GDP.MKTP.KD,2002,YR2002,13066422980900,2644946068879.54,10805818148.9532,156816826142.274
GDP (constant 2010 US$),NY.GDP.MKTP.KD,2003,YR2003,13433168199500,2910382356610.87,12065060668.7005,161609648467.509
GDP (constant 2010 US$),NY.GDP.MKTP.KD,2004,YR2004,13941713404100,3204657620171.13,15293130762.5317,175669728983.797
GDP (constant 2010 US$),NY.GDP.MKTP.KD,2005,YR2005,14408093840400,3569853222249.4,16525674626.9376,188648640222.02
GDP (constant 2010 US$),NY.GDP.MKTP.KD,2006,YR2006,14792303791800,4023919953922.87,18725978661.6875,201915790972.891
GDP (constant 2010 US$),NY.GDP.MKTP.KD,2007,YR2007,15055395304800,4596579616811.11,21431442402.9457,214969310482.259
GDP (constant 2010 US$),NY.GDP.MKTP.KD,2008,YR2008,15011490541400,5040346714259.97,22158738446.4692,219543730106.79
GDP (constant 2010 US$),NY.GDP.MKTP.KD,2009,YR2009,14594842181900,5514129888591.98,22451454397.1095,214145040905.272
GDP (constant 2010 US$),NY.GDP.MKTP.KD,2010,YR2010,14964372000000,6100620488867.55,28123640998.7253,228637697575.04
GDP (constant 2010 US$),NY.GDP.MKTP.KD,2011,YR2011,15204019634600,6682402684926.16,34218688481.4739,239645887720.961
GDP (constant 2010 US$),NY.GDP.MKTP.KD,2012,YR2012,15542161722300,7207389755117.65,37379527307.8944,243720605436.433
GDP (constant 2010 US$),NY.GDP.MKTP.KD,2013,YR2013,15802855301300,7766512755882.13,41566105562.7928,251279572791.243
GDP (constant 2010 US$),NY.GDP.MKTP.KD,2014,YR2014,16208861247400,8333286913499.17,41066849519.3467,258220961506.275
GDP (constant 2010 US$),NY.GDP.MKTP.KD,2015,YR2015,16672691917800,8908300778495.9,32198666456.0589,264386879658.877
GDP (constant 2010 US$),NY.GDP.MKTP.KD,2016,YR2016,16920327941800,9505156930655.12,31920753720.2613,270105365069.123
GDP (constant 2010 US$),NY.GDP.MKTP.KD,2017,YR2017,17304984279400,10161012758870.3,34824298574.4152,280346000937.197
GDP (constant 2010 US$),NY.GDP.MKTP.KD,2018,YR2018,..,..,..,..
"GDP, PPP (constant 2011 international $)",NY.GDP.MKTP.PP.KD,1960,YR1960,..,..,..,..
"GDP, PPP (constant 2011 international $)",NY.GDP.MKTP.PP.KD,1961,YR1961,..,..,..,..
"GDP, PPP (constant 2011 international $)",NY.GDP.MKTP.PP.KD,1962,YR1962,..,..,..,..
"GDP, PPP (constant 2011 international $)",NY.GDP.MKTP.PP.KD,1963,YR1963,..,..,..,..
"GDP, PPP (constant 2011 international $)",NY.GDP.MKTP.PP.KD,1964,YR1964,..,..,..,..
"GDP, PPP (constant 2011 international $)",NY.GDP.MKTP.PP.KD,1965,YR1965,..,..,..,..
"GDP, PPP (constant 2011 international $)",NY.GDP.MKTP.PP.KD,1966,YR1966,..,..,..,..
"GDP, PPP (constant 2011 international $)",NY.GDP.MKTP.PP.KD,1967,YR1967,..,..,..,..
"GDP, PPP (constant 2011 international $)",NY.GDP.MKTP.PP.KD,1968,YR1968,..,..,..,..
"GDP, PPP (constant 2011 international $)",NY.GDP.MKTP.PP.KD,1969,YR1969,..,..,..,..
"GDP, PPP (constant 2011 international $)",NY.GDP.MKTP.PP.KD,1970,YR1970,..,..,..,..
"GDP, PPP (constant 2011 international $)",NY.GDP.MKTP.PP.KD,1971,YR1971,..,..,..,..
"GDP, PPP (constant 2011 international $)",NY.GDP.MKTP.PP.KD,1972,YR1972,..,..,..,..
"GDP, PPP (constant 2011 international $)",NY.GDP.MKTP.PP.KD,1973,YR1973,..,..,..,..
"GDP, PPP (constant 2011 international $)",NY.GDP.MKTP.PP.KD,1974,YR1974,..,..,..,..
"GDP, PPP (constant 2011 international $)",NY.GDP.MKTP.PP.KD,1975,YR1975,..,..,..,..
"GDP, PPP (constant 2011 international $)",NY.GDP.MKTP.PP.KD,1976,YR1976,..,..,..,..
"GDP, PPP (constant 2011 international $)",NY.GDP.MKTP.PP.KD,1977,YR1977,..,..,..,..
"GDP, PPP (constant 2011 international $)",NY.GDP.MKTP.PP.KD,1978,YR1978,..,..,..,..
"GDP, PPP (constant 2011 international $)",NY.GDP.MKTP.PP.KD,1979,YR1979,..,..,..,..
"GDP, PPP (constant 2011 international $)",NY.GDP.MKTP.PP.KD,1980,YR1980,..,..,..,..
"GDP, PPP (constant 2011 international $)",NY.GDP.MKTP.PP.KD,1981,YR1981,..,..,..,..
"GDP, PPP (constant 2011 international $)",NY.GDP.MKTP.PP.KD,1982,YR1982,..,..,..,..
"GDP, PPP (constant 2011 international $)",NY.GDP.MKTP.PP.KD,1983,YR1983,..,..,..,..
"GDP, PPP (constant 2011 international $)",NY.GDP.MKTP.PP.KD,1984,YR1984,..,..,..,..
"GDP, PPP (constant 2011 international $)",NY.GDP.MKTP.PP.KD,1985,YR1985,..,..,..,..
"GDP, PPP (constant 2011 international $)",NY.GDP.MKTP.PP.KD,1986,YR1986,..,..,..,..
"GDP, PPP (constant 2011 international $)",NY.GDP.MKTP.PP.KD,1987,YR1987,..,..,..,..
"GDP, PPP (constant 2011 international $)",NY.GDP.MKTP.PP.KD,1988,YR1988,..,..,..,..
"GDP, PPP (constant 2011 international $)",NY.GDP.MKTP.PP.KD,1989,YR1989,..,..,..,..
"GDP, PPP (constant 2011 international $)",NY.GDP.MKTP.PP.KD,1990,YR1990,9251560141786.87,1732756259002.62,13883055128.2608,153874123613.647
"GDP, PPP (constant 2011 international $)",NY.GDP.MKTP.PP.KD,1991,YR1991,9244706166872.25,1893799941109.29,14391161136.5721,162647986326.907
"GDP, PPP (constant 2011 international $)",NY.GDP.MKTP.PP.KD,1992,YR1992,9573392093792.42,2163025638676.91,16305148236.1504,172788983631.696
"GDP, PPP (constant 2011 international $)",NY.GDP.MKTP.PP.KD,1993,YR1993,9836263723828.64,2462984863364.14,17150725172.6086,183503921027.021
"GDP, PPP (constant 2011 international $)",NY.GDP.MKTP.PP.KD,1994,YR1994,10233416979326.2,2784457557035.09,17880177751.5107,194580435871.172
"GDP, PPP (constant 2011 international $)",NY.GDP.MKTP.PP.KD,1995,YR1995,10511661109359.1,3089334146061.44,18469389107.7026,199199363396.763
"GDP, PPP (constant 2011 international $)",NY.GDP.MKTP.PP.KD,1996,YR1996,10910671280310.2,3396054746714.97,18392082992.0037,207682489632.996
"GDP, PPP (constant 2011 international $)",NY.GDP.MKTP.PP.KD,1997,YR1997,11400235991240.1,3709536723334.8,18340710765.5457,218273695738.209
"GDP, PPP (constant 2011 international $)",NY.GDP.MKTP.PP.KD,1998,YR1998,11907536342454.5,4000275889886.16,17502236741.4274,205433368915.185
"GDP, PPP (constant 2011 international $)",NY.GDP.MKTP.PP.KD,1999,YR1999,12465428188541.1,4306996490539.68,17089441905.6764,210582962634.51
"GDP, PPP (constant 2011 international $)",NY.GDP.MKTP.PP.KD,2000,YR2000,12975535505116,4672725463262.83,18071626016.6709,226720920667.466
"GDP, PPP (constant 2011 international $)",NY.GDP.MKTP.PP.KD,2001,YR2001,13102174374501.4,5062426587139.27,18593607481.6461,227992532138.65
"GDP, PPP (constant 2011 international $)",NY.GDP.MKTP.PP.KD,2002,YR2002,13336195938663,5524658835017.95,20257175625.2426,231769541960.922
"GDP, PPP (constant 2011 international $)",NY.GDP.MKTP.PP.KD,2003,YR2003,13710513079778.6,6079091664255.37,22617820282.1921,238853158319.871
"GDP, PPP (constant 2011 international $)",NY.GDP.MKTP.PP.KD,2004,YR2004,14229557848352.8,6693762206647.24,28669336411.7382,259633443837.429
"GDP, PPP (constant 2011 international $)",NY.GDP.MKTP.PP.KD,2005,YR2005,14705567303239.4,7456568349755.51,30979930314.2929,278815800647.185
"GDP, PPP (constant 2011 international $)",NY.GDP.MKTP.PP.KD,2006,YR2006,15097709758825.3,8405004996666.14,35104740175.6522,298424164929.894
"GDP, PPP (constant 2011 international $)",NY.GDP.MKTP.PP.KD,2007,YR2007,15366233131464.9,9601153872160.66,40176549954.3225,317716790039.647
"GDP, PPP (constant 2011 international $)",NY.GDP.MKTP.PP.KD,2008,YR2008,15321421898260.6,10528077050087.6,41539978755.5583,324477615183.198
"GDP, PPP (constant 2011 international $)",NY.GDP.MKTP.PP.KD,2009,YR2009,14896171302291.4,11517696623338.5,42088720029.8138,316498549707.852
"GDP, PPP (constant 2011 international $)",NY.GDP.MKTP.PP.KD,2010,YR2010,15273330534513,12742735014325.4,52722110170.5883,337918166982.222
"GDP, PPP (constant 2011 international $)",NY.GDP.MKTP.PP.KD,2011,YR2011,15517926000000,13957938676634.1,64148218365.2919,354187869989.884
"GDP, PPP (constant 2011 international $)",NY.GDP.MKTP.PP.KD,2012,YR2012,15863049462118.7,15054510924261.2,70073699096.8077,360210153961.364
"GDP, PPP (constant 2011 international $)",NY.GDP.MKTP.PP.KD,2013,YR2013,16129125392354.4,16222384954805.7,77922086864.3285,371382031652.169
"GDP, PPP (constant 2011 international $)",NY.GDP.MKTP.PP.KD,2014,YR2014,16543513848733.5,17406240419452.4,76986154275.5471,381641150667.856
"GDP, PPP (constant 2011 international $)",NY.GDP.MKTP.PP.KD,2015,YR2015,17016920894553,18607306659286,60361374984.1033,390754152513.082
"GDP, PPP (constant 2011 international $)",NY.GDP.MKTP.PP.KD,2016,YR2016,17269669679921.6,19853996205458.2,59840384623.1755,399205865105.712
"GDP, PPP (constant 2011 international $)",NY.GDP.MKTP.PP.KD,2017,YR2017,17662267737919.7,21223921943634.8,65283528051.613,414341150922.419
"GDP, PPP (constant 2011 international $)",NY.GDP.MKTP.PP.KD,2018,YR2018,..,..,..,..
Military expenditure (current USD),MS.MIL.XPND.CD,1960,YR1960,45380000000,..,..,..
Military expenditure (current USD),MS.MIL.XPND.CD,1961,YR1961,47808000000,..,..,..
Military expenditure (current USD),MS.MIL.XPND.CD,1962,YR1962,52381000000,..,..,..
Military expenditure (current USD),MS.MIL.XPND.CD,1963,YR1963,52295000000,..,..,..
Military expenditure (current USD),MS.MIL.XPND.CD,1964,YR1964,51213000000,..,..,..
Military expenditure (current USD),MS.MIL.XPND.CD,1965,YR1965,51827000000,..,..,..
Military expenditure (current USD),MS.MIL.XPND.CD,1966,YR1966,63572000000,..,..,..
Military expenditure (current USD),MS.MIL.XPND.CD,1967,YR1967,75448000000,..,..,..
Military expenditure (current USD),MS.MIL.XPND.CD,1968,YR1968,80732000000,..,..,..
Military expenditure (current USD),MS.MIL.XPND.CD,1969,YR1969,81443000000,..,..,..
Military expenditure (current USD),MS.MIL.XPND.CD,1970,YR1970,79846000000,..,..,..
Military expenditure (current USD),MS.MIL.XPND.CD,1971,YR1971,74862000000,..,..,..
Military expenditure (current USD),MS.MIL.XPND.CD,1972,YR1972,77639000000,..,..,..
Military expenditure (current USD),MS.MIL.XPND.CD,1973,YR1973,78358000000,..,..,..
Military expenditure (current USD),MS.MIL.XPND.CD,1974,YR1974,85906000000,..,..,..
Military expenditure (current USD),MS.MIL.XPND.CD,1975,YR1975,88400000000,..,..,..
Military expenditure (current USD),MS.MIL.XPND.CD,1976,YR1976,91013000000,..,..,..
Military expenditure (current USD),MS.MIL.XPND.CD,1977,YR1977,100925000000,..,..,..
Military expenditure (current USD),MS.MIL.XPND.CD,1978,YR1978,109247000000,..,..,..
Military expenditure (current USD),MS.MIL.XPND.CD,1979,YR1979,122279000000,..,..,..
Military expenditure (current USD),MS.MIL.XPND.CD,1980,YR1980,138191000000,..,..,..
Military expenditure (current USD),MS.MIL.XPND.CD,1981,YR1981,169888000000,..,..,..
Military expenditure (current USD),MS.MIL.XPND.CD,1982,YR1982,213626000000,..,..,..
Military expenditure (current USD),MS.MIL.XPND.CD,1983,YR1983,213626000000,..,..,..
Military expenditure (current USD),MS.MIL.XPND.CD,1984,YR1984,231459000000,..,..,..
Military expenditure (current USD),MS.MIL.XPND.CD,1985,YR1985,258165000000,..,..,..
Military expenditure (current USD),MS.MIL.XPND.CD,1986,YR1986,281105000000,..,..,..
Military expenditure (current USD),MS.MIL.XPND.CD,1987,YR1987,288157000000,..,..,..
Military expenditure (current USD),MS.MIL.XPND.CD,1988,YR1988,293093000000,..,..,..
Military expenditure (current USD),MS.MIL.XPND.CD,1989,YR1989,304085000000,11403453019.9649,..,..
Military expenditure (current USD),MS.MIL.XPND.CD,1990,YR1990,306170000000,10085081566.563,..,..
Military expenditure (current USD),MS.MIL.XPND.CD,1991,YR1991,280292000000,9953641758.35323,..,..
Military expenditure (current USD),MS.MIL.XPND.CD,1992,YR1992,305141000000,12420300874.589,..,..
Military expenditure (current USD),MS.MIL.XPND.CD,1993,YR1993,297637000000,12577165929.6489,..,..
Military expenditure (current USD),MS.MIL.XPND.CD,1994,YR1994,288059000000,10050586559.0562,..,..
Military expenditure (current USD),MS.MIL.XPND.CD,1995,YR1995,278856000000,12606229599.2777,..,..
Military expenditure (current USD),MS.MIL.XPND.CD,1996,YR1996,271417000000,14563240390.4419,..,..
Military expenditure (current USD),MS.MIL.XPND.CD,1997,YR1997,276325000000,16104915231.6784,..,..
Military expenditure (current USD),MS.MIL.XPND.CD,1998,YR1998,274278000000,17527989868.5391,..,..
Military expenditure (current USD),MS.MIL.XPND.CD,1999,YR1999,280969000000,21027341241.5972,..,..
Military expenditure (current USD),MS.MIL.XPND.CD,2000,YR2000,301697000000,22929764606.6386,..,..
Military expenditure (current USD),MS.MIL.XPND.CD,2001,YR2001,312743000000,27875387283.6086,..,..
Military expenditure (current USD),MS.MIL.XPND.CD,2002,YR2002,356720000000,32137735649.1087,..,..
Military expenditure (current USD),MS.MIL.XPND.CD,2003,YR2003,415223000000,35126306608.063,..,..
Military expenditure (current USD),MS.MIL.XPND.CD,2004,YR2004,464676000000,40352713136.126,..,..
Military expenditure (current USD),MS.MIL.XPND.CD,2005,YR2005,503353000000,45918881613.3098,..,..
Military expenditure (current USD),MS.MIL.XPND.CD,2006,YR2006,527660000000,55337487669.1415,..,..
Military expenditure (current USD),MS.MIL.XPND.CD,2007,YR2007,556961000000,68011562228.4763,..,..
Military expenditure (current USD),MS.MIL.XPND.CD,2008,YR2008,621131000000,86362099112.7773,..,..
Military expenditure (current USD),MS.MIL.XPND.CD,2009,YR2009,668567000000,105644214526.409,..,..
Military expenditure (current USD),MS.MIL.XPND.CD,2010,YR2010,698180000000,115711781066.339,..,..
Military expenditure (current USD),MS.MIL.XPND.CD,2011,YR2011,711338000000,137967304294.479,..,..
Military expenditure (current USD),MS.MIL.XPND.CD,2012,YR2012,684780000000,157390377245.803,..,..
Military expenditure (current USD),MS.MIL.XPND.CD,2013,YR2013,639704000000,179880451357.744,..,..
Military expenditure (current USD),MS.MIL.XPND.CD,2014,YR2014,609914000000,200772203839.984,..,..
Military expenditure (current USD),MS.MIL.XPND.CD,2015,YR2015,596104639000,214093069946.25,..,..
Military expenditure (current USD),MS.MIL.XPND.CD,2016,YR2016,600106443000,216031280078.816,..,..
Military expenditure (current USD),MS.MIL.XPND.CD,2017,YR2017,609757981000,228230672394.564,..,..
Military expenditure (current USD),MS.MIL.XPND.CD,2018,YR2018,..,..,..,..
"Central government debt, total (% of GDP)",GC.DOD.TOTL.GD.ZS,1960,YR1960,..,..,..,..
"Central government debt, total (% of GDP)",GC.DOD.TOTL.GD.ZS,1961,YR1961,..,..,..,..
"Central government debt, total (% of GDP)",GC.DOD.TOTL.GD.ZS,1962,YR1962,..,..,..,..
"Central government debt, total (% of GDP)",GC.DOD.TOTL.GD.ZS,1963,YR1963,..,..,..,..
"Central government debt, total (% of GDP)",GC.DOD.TOTL.GD.ZS,1964,YR1964,..,..,..,..
"Central government debt, total (% of GDP)",GC.DOD.TOTL.GD.ZS,1965,YR1965,..,..,..,..
"Central government debt, total (% of GDP)",GC.DOD.TOTL.GD.ZS,1966,YR1966,..,..,..,..
"Central government debt, total (% of GDP)",GC.DOD.TOTL.GD.ZS,1967,YR1967,..,..,..,..
"Central government debt, total (% of GDP)",GC.DOD.TOTL.GD.ZS,1968,YR1968,..,..,..,..
"Central government debt, total (% of GDP)",GC.DOD.TOTL.GD.ZS,1969,YR1969,..,..,..,..
"Central government debt, total (% of GDP)",GC.DOD.TOTL.GD.ZS,1970,YR1970,..,..,..,..
"Central government debt, total (% of GDP)",GC.DOD.TOTL.GD.ZS,1971,YR1971,..,..,..,..
"Central government debt, total (% of GDP)",GC.DOD.TOTL.GD.ZS,1972,YR1972,..,..,..,..
"Central government debt, total (% of GDP)",GC.DOD.TOTL.GD.ZS,1973,YR1973,..,..,..,..
"Central government debt, total (% of GDP)",GC.DOD.TOTL.GD.ZS,1974,YR1974,..,..,..,..
"Central government debt, total (% of GDP)",GC.DOD.TOTL.GD.ZS,1975,YR1975,..,..,..,..
"Central government debt, total (% of GDP)",GC.DOD.TOTL.GD.ZS,1976,YR1976,..,..,..,..
"Central government debt, total (% of GDP)",GC.DOD.TOTL.GD.ZS,1977,YR1977,..,..,..,..
"Central government debt, total (% of GDP)",GC.DOD.TOTL.GD.ZS,1978,YR1978,..,..,..,..
"Central government debt, total (% of GDP)",GC.DOD.TOTL.GD.ZS,1979,YR1979,..,..,..,..
"Central government debt, total (% of GDP)",GC.DOD.TOTL.GD.ZS,1980,YR1980,..,..,..,..
"Central government debt, total (% of GDP)",GC.DOD.TOTL.GD.ZS,1981,YR1981,..,..,..,..
"Central government debt, total (% of GDP)",GC.DOD.TOTL.GD.ZS,1982,YR1982,..,..,..,..
"Central government debt, total (% of GDP)",GC.DOD.TOTL.GD.ZS,1983,YR1983,..,..,..,..
"Central government debt, total (% of GDP)",GC.DOD.TOTL.GD.ZS,1984,YR1984,..,..,..,..
"Central government debt, total (% of GDP)",GC.DOD.TOTL.GD.ZS,1985,YR1985,..,..,..,..
"Central government debt, total (% of GDP)",GC.DOD.TOTL.GD.ZS,1986,YR1986,..,..,..,..
"Central government debt, total (% of GDP)",GC.DOD.TOTL.GD.ZS,1987,YR1987,..,..,..,..
"Central government debt, total (% of GDP)",GC.DOD.TOTL.GD.ZS,1988,YR1988,..,..,..,..
"Central government debt, total (% of GDP)",GC.DOD.TOTL.GD.ZS,1989,YR1989,39.0169632746068,..,..,..
"Central government debt, total (% of GDP)",GC.DOD.TOTL.GD.ZS,1990,YR1990,40.8213674886351,..,..,..
"Central government debt, total (% of GDP)",GC.DOD.TOTL.GD.ZS,1991,YR1991,43.9480256292352,..,..,..
"Central government debt, total (% of GDP)",GC.DOD.TOTL.GD.ZS,1992,YR1992,45.9165424306183,..,..,..
"Central government debt, total (% of GDP)",GC.DOD.TOTL.GD.ZS,1993,YR1993,48.1047485883271,..,..,..
"Central government debt, total (% of GDP)",GC.DOD.TOTL.GD.ZS,1994,YR1994,47.2140603974275,..,..,..
"Central government debt, total (% of GDP)",GC.DOD.TOTL.GD.ZS,1995,YR1995,47.0597829348935,..,..,..
"Central government debt, total (% of GDP)",GC.DOD.TOTL.GD.ZS,1996,YR1996,46.5855106558467,..,..,..
"Central government debt, total (% of GDP)",GC.DOD.TOTL.GD.ZS,1997,YR1997,43.9588012566627,..,..,..
"Central government debt, total (% of GDP)",GC.DOD.TOTL.GD.ZS,1998,YR1998,41.0099142187712,..,..,..
"Central government debt, total (% of GDP)",GC.DOD.TOTL.GD.ZS,1999,YR1999,37.612270180477,..,..,..
"Central government debt, total (% of GDP)",GC.DOD.TOTL.GD.ZS,2000,YR2000,33.158223429011,..,..,..
"Central government debt, total (% of GDP)",GC.DOD.TOTL.GD.ZS,2001,YR2001,15.1087327374281,..,..,..
"Central government debt, total (% of GDP)",GC.DOD.TOTL.GD.ZS,2002,YR2002,53.6295011785,..,..,..
"Central government debt, total (% of GDP)",GC.DOD.TOTL.GD.ZS,2003,YR2003,55.98548998451,..,..,..
"Central government debt, total (% of GDP)",GC.DOD.TOTL.GD.ZS,2004,YR2004,56.3958094092283,..,..,..
"Central government debt, total (% of GDP)",GC.DOD.TOTL.GD.ZS,2005,YR2005,56.3034158496978,..,..,..
"Central government debt, total (% of GDP)",GC.DOD.TOTL.GD.ZS,2006,YR2006,55.3058887312022,..,..,..
"Central government debt, total (% of GDP)",GC.DOD.TOTL.GD.ZS,2007,YR2007,55.6467199235234,..,..,..
"Central government debt, total (% of GDP)",GC.DOD.TOTL.GD.ZS,2008,YR2008,64.0372557628174,..,..,..
"Central government debt, total (% of GDP)",GC.DOD.TOTL.GD.ZS,2009,YR2009,76.3374591911262,..,..,..
"Central government debt, total (% of GDP)",GC.DOD.TOTL.GD.ZS,2010,YR2010,85.6223635712878,..,..,..
"Central government debt, total (% of GDP)",GC.DOD.TOTL.GD.ZS,2011,YR2011,90.1978653590693,..,..,..
"Central government debt, total (% of GDP)",GC.DOD.TOTL.GD.ZS,2012,YR2012,94.4067735235377,..,..,..
"Central government debt, total (% of GDP)",GC.DOD.TOTL.GD.ZS,2013,YR2013,96.6128183555755,..,..,..
"Central government debt, total (% of GDP)",GC.DOD.TOTL.GD.ZS,2014,YR2014,96.892838254519,..,..,..
"Central government debt, total (% of GDP)",GC.DOD.TOTL.GD.ZS,2015,YR2015,97.3748109483986,..,..,..
"Central government debt, total (% of GDP)",GC.DOD.TOTL.GD.ZS,2016,YR2016,99.4568598577946,..,..,..
"Central government debt, total (% of GDP)",GC.DOD.TOTL.GD.ZS,2017,YR2017,..,..,..,..
"Central government debt, total (% of GDP)",GC.DOD.TOTL.GD.ZS,2018,YR2018,..,..,..,..
